D4249, A100
D7714, B101
D2949, D102
D5660, I103
D4068, C104
D6527, D105
D6214, I106
D9326, B107
D7718, A108
D5790, G109
D9336, I110
D7017, G111
D4560, I112
D3295, H113
D9571, J114
D9486, D115
D4433, B116
D1525, D117
D2621, B118
D7088, G119
D5480, C120
D5545, I121
D6006, D122
D9216, J123
D7377, F124
D3627, I125
D4550, C126
D3959, E127
D8025, E128
D4713, I129
D8447, D130
D4922, J131
D5656, J132
D3534, I133
D8773, B134
D3132, F135
D8343, I136
D2688, J137
D3013, J138
D5517, E139
D4798, F140
D8059, G141
D1603, F142
D3633, D143
D8973, B144
D4285, D145
D5021, G146
D4094, I147
D9238, B148
D7567, H149
D2679, H150
D5255, J151
D2723, H152
D1861, J153
D2932, C154
D8436, G155
D8825, J156
D4144, H157
D9661, J158
D2080, J159
D5052, I160
D5980, I161
D5880, C162
D7375, D163
D4413, C164
D1213, J165
D7773, D166
D6765, G167
D8823, A168
D7617, H169
D3204, J170
D7812, C171
D5676, E172
D6623, E173
D9853, D174
D7143, A175
D5723, D176
D2341, J177
D6290, G178
D8056, C179
D3589, I180
D8225, A181
D2270, C182
D8087, C183
D9106, A184
D3268, D185
D9793, B186
D4133, F187
D5048, H188
D7935, I189
D8220, C190
D7131, B191
D8124, I192
D7395, J193
D8684, J194
D7358, A195
D5860, I196
D8105, I197
D7891, J198
D4884, F199
D2663, F200
D9271, C201
D6672, E202
D4765, E203
D9185, E204
D1606, I205
D4206, D206
D8545, J207
D4973, H208
D8841, J209
D6998, B210
D9290, I211
D2558, H212
D7591, J213
D1275, H214
D6152, B215
D2665, E216
D2744, F217
D2773, C218
D1792, J219
D7537, G220
D7669, I221
D7246, I222
D1080, C223
D2383, J224
D7506, H225
D1957, D226
D3852, A227
D2619, A228
D4913, D229
D2140, D230
D3815, H231
D6016, A232
D4277, I233
D3460, D234
D7079, A235
D1128, A236
D4396, B237
D2954, B238
D9858, F239
D1212, I240
D7116, A241
D1379, A242
D1521, H243
D7239, I244
D8516, D245
D5251, I246
D1123, D247
D8066, G248
D2272, I249
