D6726, A100
D8400, J101
D3282, B102
D1279, G103
D9464, F104
D2157, C105
D7307, D106
D5596, G107
D2474, B108
D9852, B109
D8624, B110
D7595, F111
D4243, C112
D8549, A113
D9252, B114
D8939, B115
D1948, I116
D1670, I117
D9951, C118
D4048, A119
D2384, D120
D3571, B121
D3100, E122
D4457, D123
D5757, H124
D7960, B125
D8724, H126
D1824, A127
D8667, A128
D5159, H129
D6472, E130
D2294, A131
D6416, J132
D9941, I133
D1065, C134
D8121, A135
D7462, B136
D8418, B137
D2318, A138
D8739, G139
D6210, J140
D4779, H141
D9990, I142
D5125, E143
D1545, C144
D3156, A145
D3044, B146
D9648, F147
D3048, D148
D1759, J149
D3967, G150
D8061, C151
D3896, A152
D7474, I153
D8031, G154
D1866, J155
D4670, D156
D2571, B157
D7677, H158
D8605, E159
D5986, J160
D7438, H161
D3818, G162
D2627, H163
D6964, E164
D9147, G165
D3377, E166
D6265, G167
D2257, D168
D2444, B169
D6529, B170
D4653, D171
D8522, I172
D5395, H173
D1373, J174
D4463, J175
D7563, G176
D2537, G177
D6005, B178
D8640, D179
D7836, C180
D8050, G181
D7232, E182
D6819, G183
D6931, J184
D3092, B185
D8720, D186
D6499, A187
D2983, I188
D1020, C189
D2808, B190
D8259, I191
D5937, A192
D7603, I193
D1015, A194
D3749, D195
D2434, G196
D3536, E197
D1550, H198
D9700, I199
D9318, C200
D4534, B201
D7541, E202
D3493, B203
D8272, J204
D7711, D205
D3179, C206
D1999, G207
D9749, J208
D5805, E209
D4594, F210
D8942, C211
D7683, E212
D7082, I213
D9160, F214
D5910, G215
D7499, D216
D1818, E217
D7674, G218
D6115, F219
D5957, D220
D6436, F221
D3255, C222
D9491, J223
D5536, H224
D3000, I225
D7369, I226
D7957, I227
D3890, F228
D2833, C229
D2758, A230
D9738, I231
D6416, G232
D1394, C233
D3003, A234
D6448, G235
D8250, H236
D1663, G237
D7431, A238
D1780, C239
D5388, A240
D1468, I241
D5435, B242
D7518, I243
D5504, C244
D1652, F245
D6147, C246
D8703, H247
D7231, F248
D7354, J249